id,name.,review_count,avatar
1,Chloe L.,99,165
2,Liz T.,263,53
3,Joel G.,176,108
4,Alec E.,270,29
5,Justin Y.,34,174
6,Sophie K.,227,118
7,Alec S.,180,166
8,Christian T.,65,104
9,Thu L.,228,103
10,Alec K.,252,44
11,Beth S.,166,168
12,Enji S.,146,85
13,Steven Z.,127,138
14,Enji C.,226,150
15,Thu D.,92,17
16,Joel Y.,247,137
17,Nolan L.,234,117
18,Beth E.,78,194
19,Warren L.,224,79
20,Justin G.,184,99
21,Christian S.,268,19
22,Liz T.,103,1
23,Christian E.,42,74
24,Greg E.,233,90
25,Greg Y.,44,141
26,Allan S.,289,59
27,Fred Y.,218,81
28,Allan G.,185,21
29,Justin S.,121,46
30,Thu D.,59,64
31,Christian E.,134,69
32,Nolan Z.,41,190
33,Petr S.,69,185
34,Enji Y.,60,131
35,Beth S.,13,14
36,Joel Z.,126,83
37,Liz C.,239,68
38,Servio G.,145,120
39,John Z.,269,45
40,John S.,195,39
41,Liz T.,15,186
42,Beth K.,211,144
43,Christian E.,15,149
44,Sophie C.,245,27
45,Nolan C.,56,123
46,Joel L.,144,162
47,Liz Z.,22,121
48,Kristie K.,41,36
49,Thu L.,220,152
50,Enji S.,97,58
51,Enji K.,4,7
52,Beth C.,236,124
53,John Z.,288,97
54,Warren C.,99,31
55,Liz D.,275,30
56,Joel S.,171,56
57,Michael E.,55,37
58,Warren K.,198,112
59,Servio D.,110,89
60,John Z.,179,129
61,Kristie D.,239,98
62,Fred D.,226,140
63,Sophie G.,218,126
64,Michael K.,242,66
65,Greg G.,125,40
66,Joel Z.,256,181
67,Beth Y.,110,109
68,Enji S.,65,193
69,Thu D.,170,71
70,Fred Z.,214,47
71,John Y.,246,130
72,Kristie L.,236,35
73,Justin Y.,41,12
74,Liz T.,180,91
75,Warren T.,133,51
76,Christian C.,61,114
77,Justin Y.,115,4
78,Servio L.,129,159
79,Steven G.,57,136
80,Nolan G.,75,86
81,Liz T.,290,101
82,Christian Z.,226,88
83,Allan Z.,262,135
84,Beth K.,139,70
85,Servio C.,141,178
86,Fred E.,194,191
87,Greg D.,29,95
88,Joel L.,271,195
89,Michael Z.,96,146
90,Petr K.,40,164
91,John S.,47,125
92,Nolan C.,267,158
93,Kristie E.,254,127
94,Christian L.,281,170
95,Fred D.,119,111
96,Thu C.,121,92
97,Beth G.,18,2
98,Michael Y.,62,15
99,Steven Y.,293,16
100,Nolan T.,179,52
101,Beth Z.,199,179
102,Richardo G.,263,151
103,Anson Y.,176,184
104,Justin K.,270,33
105,Chloe G.,34,139
106,Nils K.,227,60
107,Sophie G.,180,110
108,JP Y.,65,10
109,Richelle Y.,228,26
110,Jens D.,252,55
111,Allan C.,166,42
112,Fred K.,146,161
113,Sophie K.,127,5
114,Nils Z.,226,167
115,Jens G.,92,196
116,Beth Z.,247,75
117,Justin K.,234,177
118,Burke Y.,78,6
119,Sophie K.,224,38
120,Justin D.,184,156
121,Joyce S.,268,133
122,Chloe K.,103,23
123,Burke C.,42,67
124,Anson C.,233,171
125,Richelle L.,44,13
126,Justin E.,289,18
127,Richelle C.,218,93
128,Kony Y.,185,155
129,Fred C.,121,192
130,Nils Z.,59,49
131,Dilsher Z.,134,132
132,Beth E.,41,77
133,Dilsher C.,69,115
134,Burke L.,60,84
135,Chloe K.,13,154
136,Richelle L.,126,76
137,Joyce K.,239,22
138,Nils D.,145,54
139,Beth T.,269,28
140,Steven S.,195,145
141,Beth D.,15,175
142,Dilsher E.,211,0
143,Fred S.,15,163
144,Sophie D.,245,100
145,Jens T.,56,197
146,Steven E.,144,87
147,Jordan D.,22,48
148,Allan Y.,41,25
149,Kony T.,220,157
150,Burke K.,97,94
151,Steven L.,4,73
152,Nils C.,236,57
153,Allan T.,288,8
154,Jordan D.,99,80
155,Justin S.,275,102
156,Fred Z.,171,32
157,Richelle C.,55,128
158,Fred E.,198,172
159,Dilsher T.,110,183
160,Justin K.,179,143
161,Steven E.,239,24
162,JP D.,226,20
163,Jens E.,218,50
164,Dilsher Y.,242,142
165,Benny S.,125,65
166,Petr S.,256,189
167,Kony C.,110,173
168,Jens S.,65,72
169,Petr S.,170,107
170,Jordan G.,214,78
171,Fred S.,246,147
172,Richelle C.,236,113
173,Petr Y.,41,106
174,Benny G.,180,61
175,Jordan D.,133,134
176,Steven Y.,61,3
177,Justin S.,115,188
178,Anson Y.,129,105
179,Benny D.,57,96
180,Justin K.,75,43
181,Allan C.,290,11
182,Burke G.,226,148
183,Kony Z.,262,182
184,Steven D.,139,62
185,Allan G.,141,116
186,Richardo T.,194,153
187,Petr D.,29,119
188,JP G.,271,160
189,Burke G.,96,63
190,Jordan C.,40,187
191,Steven L.,47,34
192,JP K.,267,41
193,Jens S.,254,176
194,Steven G.,281,169
195,Kony V.,119,122
196,Fred P.,121,180
197,Chloe M.,18,82
198,Petr Q.,62,9
199,Steven M.,293,1
200,Anson D.,179,53
201,Chloe C.,99,108
202,Lisa T.,263,29
203,Joel G.,176,174
204,Alec E.,270,118
205,Justin Y.,34,166
206,Sophie D.,227,104
207,Alec A.,180,103
208,Christian D.,65,44
209,Emily S.,228,168
210,Alek D.,252,85
211,Beth S.,166,138
212,Enji A.,146,150
213,Steven B.,127,17
214,Enji O.,226,137
215,Thu P.,92,117
216,Joel L.,247,194
217,Nolan G.,234,79
218,Beth V.,78,99
219,Warren L.,224,19
220,Justin G.,184,1
221,Christian S.,268,74
222,Liz M.,103,90
223,Christian F.,42,141
224,Greg E.,233,59
225,Greg Y.,44,81
226,Allan Q.,289,21
227,Fred M.,218,46
228,Allan Q.,185,64
229,Justin W.,121,69
230,Thu H.,59,190
231,Christian K.,134,185
232,Nolan R.,41,131
233,Petr V.,69,14
234,Enji Y.,60,83